Overall Qual,Gr Liv Area,Garage Cars,Garage Area,1st Flr SF,Total Bsmt SF,Lot Area,BsmtFin SF 1,Full Bath,year_since_remod,SalePrice,Log_SalePrice
7,7.502738210754851,2.0,469.0,6.859614903654202,952.0,7500,0.0,2,6,205000,12.230770136157428
8,7.202661196523238,2.0,550.0,7.202661196523238,1342.0,6240,3.2188758248682006,2,1,219500,12.299112067295642
9,7.619233416226805,3.0,780.0,7.619233416226805,2190.0,13438,7.472500744737558,2,1,410000,12.923914877701906
5,7.025538314638521,0.0,0.0,7.025538314638521,0.0,8335,0.0,1,52,93000,11.440365524765756
8,7.469083884921234,2.0,492.0,6.985641817639208,559.0,12134,6.059123195581797,2,5,164000,12.00762780434872
5,7.353081920515432,2.0,484.0,7.353081920515432,1560.0,8078,0.0,2,49,128600,11.76446986680519
4,6.8966943316227125,1.0,297.0,6.267200548541362,462.0,1596,6.082218910376446,1,35,94900,11.460589521950299
6,7.114769448366463,2.0,462.0,6.331501849893691,561.0,1488,6.156978985585555,1,17,137000,11.827743504053695
4,7.226209010100671,1.0,338.0,6.734591659972948,840.0,5400,5.755742213586912,1,59,105000,11.561725152903833
7,7.1049654482698426,2.0,497.0,7.1049654482698426,1188.0,9947,6.416732282512326,2,18,173000,12.06105265381003
5,6.878326468291325,2.0,624.0,6.878326468291325,970.0,8480,6.447305862541213,1,44,132500,11.794345471549745
7,7.530479995245536,3.0,660.0,6.779921907472252,879.0,14054,0.0,2,0,219210,12.29779001527865
6,6.744059186311348,2.0,420.0,6.744059186311348,848.0,4438,6.4967749901858625,1,4,144500,11.881041706925902
3,7.618251097876695,4.0,1041.0,7.618251097876695,0.0,43500,0.0,1,54,130000,11.775297421715827
5,6.680854678790215,1.0,336.0,6.680854678790215,796.0,7689,6.580639137284949,1,37,131900,11.789806920177805
5,7.016609683894219,0.0,0.0,7.016609683894219,1114.0,13072,0.0,1,5,142000,11.863589378812122
6,7.526178913346146,1.0,325.0,7.104144092987527,994.0,9525,6.09807428216624,2,34,136900,11.827013315851762
9,7.754481547470383,3.0,1003.0,7.254884810077338,1414.0,12151,7.1308988302963465,2,3,379000,12.84529412258351
6,7.510977752014095,1.0,240.0,6.925595197110468,848.0,11737,0.0,1,10,202500,12.218500103788143
7,7.2813856635702825,2.0,506.0,6.570882962339584,691.0,3735,6.111467339502679,2,7,183900,12.12215284831553
4,6.447305862541213,0.0,0.0,6.447305862541213,630.0,1470,6.259581464064923,1,36,73000,11.19822841866684
5,7.275864600546533,2.0,400.0,6.61338421837956,384.0,9802,0.0,2,3,174000,12.066816325306588
6,7.427144133408616,2.0,474.0,6.787844982309579,886.0,8480,6.401917196727186,2,14,163000,12.001511614739405
6,7.217443431696533,2.0,502.0,6.62273632394984,611.0,6155,0.0,2,9,128000,11.759793355371237
7,7.473069088032197,2.0,525.0,6.851184927493743,1449.0,16698,6.68586094706836,2,16,233500,12.360941638737165
5,7.462214939768189,1.0,225.0,6.8679744089702925,936.0,7308,5.8888779583328805,1,58,122250,11.713831587262764
5,6.705639094860003,1.0,264.0,6.705639094860003,816.0,8314,6.304448802421981,1,25,124500,11.732069026983156
7,7.400620577371135,1.0,288.0,6.70808408385307,818.0,9399,0.0,1,56,167000,12.025755079404917
6,7.43307534889858,2.0,442.0,6.846943139585379,915.0,9487,6.255750041753367,2,7,187000,12.138869243416009
3,7.076653815443951,1.0,308.0,6.522092798170152,649.0,6000,5.805134968916488,1,5,120000,11.695255355062795
5,7.5352967024440884,2.0,484.0,6.842683282238422,0.0,10260,0.0,2,32,100000,11.51293546492023
5,7.396335293800808,2.0,482.0,6.834108738813838,928.0,13830,6.674561391814426,2,12,189900,12.15425816271595
8,7.368339686311381,2.0,594.0,7.368339686311381,1574.0,10440,0.0,2,0,261329,12.473539255481047
7,6.729824070489475,1.0,308.0,6.729824070489475,836.0,2280,0.0,1,35,120000,11.695255355062795
5,7.133295954896068,2.0,576.0,6.842683282238422,504.0,7438,0.0,1,15,127000,11.751950239425476
9,7.813591552952433,3.0,675.0,7.005789019253503,1094.0,12292,5.327876168789581,2,0,356383,12.783764080192826
6,7.869019376499023,2.0,624.0,7.3453648404168685,1522.0,10800,6.863803391452954,2,11,240000,12.388398368982115
5,7.560601162768557,2.0,451.0,7.133295954896068,1052.0,13650,4.060443010546419,2,48,172500,12.058158312538197
6,7.637234388789473,2.0,500.0,7.637234388789473,1542.0,13175,6.673297967767654,2,22,210000,12.25486757159303
5,7.3752557780097545,2.0,672.0,7.3752557780097545,1582.0,11070,4.02535169073515,2,18,152000,11.931642378754141
8,7.421177528595393,3.0,928.0,7.421177528595393,1670.0,15218,7.354362330421477,2,0,336820,12.727306910950475
7,7.586803535162581,2.0,689.0,7.01571242048723,1113.0,9675,5.834810737062605,2,4,253000,12.441148720271016
6,7.085901464365611,2.0,539.0,7.085901464365611,655.0,8910,6.486160788944089,1,47,159500,11.979805470779858
8,7.583247524303362,2.0,760.0,7.018401799069201,1100.0,12447,0.0,2,0,252000,12.437188334739655
5,7.113956109566034,1.0,271.0,7.113956109566034,1228.0,8544,0.0,1,2,149350,11.914054519303125
6,6.947937068614969,2.0,320.0,6.947937068614969,1040.0,7200,0.0,1,16,127500,11.755879486687116
8,7.372118028337787,2.0,676.0,6.668228248417403,768.0,9000,0.0,2,1,210000,12.25486757159303
6,7.60489448081162,1.0,357.0,6.994849985833071,917.0,8400,0.0,2,59,160000,11.982935344196433
8,7.910957382845589,3.0,725.0,7.214504414151143,1342.0,10019,6.269096283706261,2,11,350000,12.765691290604371
6,8.208764045819667,2.0,836.0,7.515889085215125,1836.0,19800,6.054439346269371,3,16,415000,12.936036208848487
4,6.755768921984255,0.0,0.0,6.755768921984255,858.0,8125,6.421622267806518,1,35,88000,11.385103457032141
7,7.186144304522325,2.0,400.0,6.493753839851686,660.0,7750,0.0,2,4,162000,11.995357787034976
6,7.400620577371135,2.0,386.0,6.821107472256465,916.0,15038,4.9344739331306915,2,12,173000,12.06105265381003
5,6.907755278982137,1.0,264.0,6.907755278982137,999.0,7758,6.3784261836515865,1,6,132500,11.794345471549745
7,7.631431664576906,2.0,647.0,6.9985096422506015,1070.0,9085,6.705639094860003,2,13,260000,12.468440756144114
8,7.803435056952168,3.0,711.0,7.430707082545968,1629.0,46589,7.216709486709457,2,4,402000,12.904209855160254
4,6.759255270663693,2.0,539.0,6.759255270663693,861.0,12342,5.572154032177765,1,59,82500,11.320565693461432
4,7.374629015218945,0.0,0.0,6.720220155135295,828.0,11426,0.0,2,12,118000,11.678448377988165
8,7.321849713788356,1.0,180.0,6.683360945766275,798.0,7609,6.008813185442595,2,11,231000,12.35017731849889
6,7.323170717943469,2.0,394.0,6.709304340258298,794.0,8433,6.52795791762255,2,9,190000,12.154784614286667
8,7.75491027202143,3.0,756.0,7.065613363597717,1148.0,10574,6.75343791859778,2,4,316000,12.663500657121004
4,6.762729506931879,2.0,463.0,6.762729506931879,864.0,8120,5.2574953720277815,1,39,124500,11.732069026983156
4,7.1252830915107115,1.0,336.0,7.1252830915107115,484.0,17808,0.0,1,57,109900,11.60733523953139
5,7.0431599159883405,1.0,336.0,7.0431599159883405,1144.0,9100,0.0,1,47,120000,11.695255355062795
6,7.236339342754344,2.0,522.0,7.236339342754344,1388.0,12000,6.74993119378857,2,38,158900,11.97603664577121
9,7.699389406256737,3.0,670.0,7.0192966537150445,1090.0,13975,0.0,2,0,300000,12.611541086966115
6,7.258412150595307,2.0,543.0,7.258412150595307,1487.0,8773,6.858565034791365,2,4,190000,12.154784614286667
7,7.933079771880415,4.0,820.0,7.063903961472068,1168.0,11855,6.710523109452428,4,9,269500,12.504327379899443
7,7.197435354096591,2.0,575.0,7.197435354096591,1335.0,9000,0.0,2,0,210400,12.256770512686108
6,7.274479558773871,2.0,615.0,7.274479558773871,1442.0,11717,0.0,2,39,185000,12.128116509451258
5,6.7580945044277305,2.0,528.0,6.7580945044277305,840.0,8740,6.511745329644728,1,27,137000,11.827743504053695
5,6.762729506931879,1.0,308.0,6.762729506931879,864.0,8125,6.0014148779611505,1,50,118000,11.678448377988165
5,7.403061091090091,2.0,394.0,7.403061091090091,0.0,21370,0.0,1,56,131000,11.782960235741939
7,7.299797366758161,2.0,484.0,6.587550014824796,725.0,7472,6.440946540632921,1,3,184000,12.122696471358964
6,7.217443431696533,2.0,460.0,7.217443431696533,1362.0,7577,3.044522437723423,2,1,194700,12.179220327453931
6,7.190676034332207,2.0,388.0,7.190676034332207,1326.0,12216,6.823286122355687,2,2,203000,12.220966184120165
9,7.363913501405819,2.0,564.0,7.363913501405819,1577.0,7841,6.744059186311348,2,2,280000,12.54254845357358
4,7.232010331664759,2.0,459.0,7.232010331664759,1051.0,11235,6.306275286948016,1,27,148000,11.904974309480183
5,7.095893221097532,1.0,312.0,7.095893221097532,1206.0,10725,6.842683282238422,1,51,108538,11.594864834381662
8,7.6787889981991535,3.0,789.0,7.384610383176974,1582.0,10562,7.161622002939187,1,0,325624,12.693501691489768
5,7.051855622955894,2.0,480.0,7.051855622955894,1154.0,11000,6.608000625296087,1,43,154000,11.944714374881176
7,7.340835554123275,3.0,843.0,7.340835554123275,1541.0,13704,0.0,2,4,205000,12.230770136157428
6,7.061334366910438,2.0,490.0,7.061334366910438,1127.0,9020,5.746203190540153,1,42,174900,12.071975378543236
8,7.362645270417825,3.0,732.0,7.362645270417825,1603.0,10845,7.047517221357296,2,4,284000,12.556733038263905
6,7.40184157874383,1.0,384.0,6.875232087276577,967.0,9060,0.0,2,49,139000,11.842236406331555
7,7.825644732219989,2.0,564.0,7.148345743900068,1223.0,19522,6.590301048196686,2,17,300000,12.611541086966115
7,7.183111701743281,2.0,440.0,7.183111701743281,1316.0,11175,0.0,2,0,200141,12.206782393599413
7,7.383989457978509,3.0,579.0,6.866933284461882,637.0,12320,0.0,1,16,199500,12.20357452783082
4,7.32052696227274,2.0,720.0,6.726233402358747,677.0,9600,0.0,2,59,87500,11.37940550085183
6,7.455298485683291,2.0,673.0,6.762729506931879,864.0,8791,6.222576268071369,2,5,207500,12.242891437918386
4,7.266128779556451,2.0,370.0,6.727431724850855,596.0,10320,0.0,2,56,107000,11.580593459194764
5,6.794586580876499,1.0,288.0,6.794586580876499,892.0,7150,6.07073772800249,1,42,100000,11.51293546492023
5,7.273092595999522,1.0,480.0,7.273092595999522,1248.0,9840,6.960347729101308,2,10,185000,12.128116509451258
7,7.47477218239787,2.0,591.0,6.778784897685177,826.0,9930,6.124683390894205,2,4,222000,12.310437165348775
5,6.71901315438526,1.0,392.0,6.71901315438526,0.0,7200,0.0,1,3,107500,11.58525542883217
5,6.816735880594968,1.0,297.0,6.816735880594968,912.0,7535,4.718498871295094,1,22,120000,11.695255355062795
5,7.260522598089852,1.0,352.0,7.260522598089852,1290.0,7223,5.768320995793772,1,57,136500,11.824087219587643
5,7.455298485683291,2.0,560.0,7.455298485683291,1728.0,9297,7.382124365737512,2,30,188000,12.144202560946876
6,6.859614903654202,1.0,192.0,6.859614903654202,952.0,8854,0.0,1,59,121000,11.703554089007538
7,7.31455283232408,2.0,512.0,7.31455283232408,1277.0,4084,6.795705775173514,2,22,241500,12.394628892852941
5,6.658011045870748,1.0,924.0,6.658011045870748,740.0,6900,6.0014148779611505,1,53,120500,11.699413330633599
8,7.399398083331354,3.0,866.0,7.399398083331354,1626.0,11428,0.0,2,1,250000,12.429220196836383
9,7.284134806195205,2.0,539.0,7.284134806195205,1451.0,6472,0.0,2,1,248500,12.423202148655593
6,7.7406644019172415,2.0,482.0,6.86484777797086,938.0,7500,0.0,3,4,204000,12.225880174775122
5,7.022868086082641,2.0,480.0,7.022868086082641,1121.0,8816,6.480044561926653,1,46,139000,11.842236406331555
7,7.421177528595393,3.0,690.0,7.421177528595393,1670.0,14859,0.0,2,0,240000,12.388398368982115
9,7.523481312573497,3.0,772.0,7.523481312573497,1833.0,16033,7.140453043101158,2,1,326000,12.694655727828803
5,7.467942332285852,1.0,240.0,6.993932975223189,636.0,9000,0.0,1,15,124000,11.728044909070785
6,7.317212408359839,2.0,505.0,7.317212408359839,1505.0,12160,6.932447891572509,1,56,149500,11.915058360753719
7,7.646831391430482,2.0,542.0,7.1204443723924875,791.0,20544,0.0,2,17,215000,12.278397958261774
3,7.227662498728654,1.0,216.0,6.5722825426940075,738.0,7614,0.0,1,56,96900,11.481445117743048
5,6.960347729101308,1.0,312.0,6.960347729101308,1053.0,10007,6.693323668269949,1,2,145500,11.8879382384223
6,7.273092595999522,2.0,467.0,7.273092595999522,1440.0,12546,6.520621127558696,2,26,182900,12.116700301832573
7,7.284134806195205,2.0,400.0,6.591673732008658,728.0,9018,0.0,2,0,179540,12.09815887308463
6,7.73718007783463,2.0,506.0,7.13966033596492,1214.0,7200,6.953684210870537,2,9,133900,11.804855999911272
5,6.9584483932976555,2.0,504.0,6.9584483932976555,1051.0,9600,6.63200177739563,1,38,142000,11.863589378812122
5,6.796823718274855,2.0,440.0,6.796823718274855,864.0,13350,6.637258031284457,1,32,142500,11.86710429621008
3,7.20414929203594,0.0,0.0,6.695798917058491,536.0,10320,0.0,2,58,82375,11.319049411336588
4,6.447305862541213,1.0,286.0,6.447305862541213,630.0,1477,6.234410725718371,1,39,80000,11.289794413577894
7,6.988413181999592,2.0,596.0,6.988413181999592,1047.0,9927,6.913737350659685,1,30,172000,12.055255569732177
6,7.357556200910353,2.0,542.0,7.357556200910353,1562.0,14695,7.23561914106675,2,1,256000,12.45293662970407
6,7.659171367666058,2.0,583.0,7.229113877793302,689.0,10448,0.0,2,37,158000,11.970356641102999
6,7.443078374348516,2.0,479.0,7.443078374348516,1140.0,11088,6.725033642166843,2,11,184000,12.122696471358964
6,6.8658910748834385,2.0,440.0,6.8658910748834385,1078.0,4928,4.795790545596741,2,31,128000,11.759793355371237
3,7.384610383176974,1.0,480.0,6.959398512133975,972.0,18600,5.666426688112432,2,20,124000,11.728044909070785
7,7.181591944611865,2.0,626.0,7.181591944611865,1314.0,5001,6.807934943699926,2,1,230000,12.345838935721968
5,6.816735880594968,1.0,288.0,6.816735880594968,912.0,7800,5.746203190540153,1,42,115000,11.652696102959753
9,7.751475318021456,3.0,736.0,7.075808863978387,1175.0,11924,6.906754778648554,3,0,345000,12.75130259456002
4,7.0326242610280065,2.0,451.0,7.0326242610280065,1132.0,7024,6.932447891572509,1,3,176000,12.07824495582233
7,7.1316985104669115,2.0,528.0,6.439350371100098,625.0,4251,0.0,2,0,164700,12.011886987792716
9,7.532088143541722,3.0,870.0,7.532088143541722,1858.0,10110,5.921578419643816,2,0,336860,12.727425661340265
5,7.393263094763838,1.0,240.0,7.393263094763838,1444.0,10858,3.713572066704308,1,54,146500,11.89478753335453
6,7.080026499922591,2.0,420.0,7.080026499922591,1168.0,7980,6.841615476477592,2,3,185000,12.128116509451258
6,7.329093736246592,2.0,478.0,7.329093736246592,1193.0,11361,6.4692503167957724,2,32,180000,12.100717685412471
6,7.090076835776092,2.0,530.0,7.090076835776092,1199.0,7892,5.707110264748875,2,15,153900,11.944064817531656
6,7.834788107388194,1.0,216.0,7.417580402414544,714.0,8520,5.1298987149230735,2,57,136000,11.820417517632333
6,7.293697720601438,2.0,624.0,6.767343125265392,738.0,10560,5.648974238161206,1,16,140750,11.854747650772435
7,7.394493107219038,2.0,474.0,6.639875833826536,764.0,2448,0.0,2,4,155000,11.951186847493476
5,6.828712071641684,1.0,264.0,6.828712071641684,876.0,6951,6.490723534502507,1,23,119500,11.691080018519527
5,7.210079628170788,2.0,720.0,6.517671272912275,676.0,10800,0.0,2,3,149000,11.91170829631447
8,7.587817219993427,3.0,895.0,7.587817219993427,1935.0,14226,0.0,2,1,395000,12.886643575525625
5,6.818924065275521,2.0,444.0,6.818924065275521,914.0,6950,6.566672429803241,1,30,134900,11.812296455066814
5,7.2682230211595655,2.0,441.0,7.2682230211595655,1251.0,9600,6.82001636467413,1,16,161000,11.989165855127435
5,7.771910256435763,1.0,432.0,7.229113877793302,994.0,6600,0.0,2,44,107500,11.58525542883217
6,6.8966943316227125,1.0,297.0,6.8966943316227125,988.0,9240,6.5638555265321274,2,11,149500,11.915058360753719
8,7.450079569807499,2.0,473.0,7.450079569807499,1719.0,10846,7.3901814282264295,1,15,324000,12.688501881189456
7,7.444248649496705,2.0,380.0,6.878326468291325,970.0,2522,0.0,2,2,137500,11.83138646878959
10,7.624130585661289,3.0,878.0,7.624130585661289,1994.0,15431,7.266128779556451,2,1,450000,13.017005083966255
5,6.776506992372183,2.0,576.0,6.776506992372183,876.0,7200,6.07073772800249,1,57,94000,11.451060699493427
6,6.985641817639208,1.0,288.0,6.985641817639208,1080.0,9464,6.3473892096560105,1,50,136000,11.820417517632333
5,7.060476365999801,1.0,240.0,7.060476365999801,1164.0,10880,6.947937068614969,1,58,125000,11.736077016252437
8,7.779048644925556,3.0,672.0,6.961296045910167,1054.0,10672,0.0,2,0,298236,12.605643751415895
7,7.2682230211595655,2.0,528.0,7.2682230211595655,1433.0,11980,7.2682230211595655,1,23,270000,12.506180941677357
6,7.305860032684009,2.0,738.0,7.305860032684009,1488.0,47280,0.0,2,58,133000,11.798111925972618
7,7.21890970761906,2.0,437.0,7.21890970761906,1220.0,3087,6.118097198041348,2,0,210250,12.256057334066451
8,7.112327444710911,2.0,484.0,7.112327444710911,1226.0,3874,6.694562058521095,1,26,190000,12.154784614286667
8,7.186901020411631,2.0,484.0,7.186901020411631,1312.0,5118,6.831953565565855,1,17,212000,12.264346270624157
5,7.046647277848756,1.0,672.0,7.046647277848756,1148.0,7931,7.046647277848756,1,50,132500,11.794345471549745
6,7.410347097821024,2.0,510.0,7.410347097821024,1592.0,22002,7.234898420314831,1,16,200000,12.206077645517674
4,7.050122520269059,0.0,0.0,7.050122520269059,0.0,6040,0.0,2,53,82000,11.314486721293981
8,7.421775793644647,2.0,550.0,7.421775793644647,1426.0,16280,6.951772164398911,3,1,290000,12.577639650232573
4,7.513709247839705,0.0,0.0,7.513709247839705,1832.0,10773,6.558197802812269,2,43,136000,11.820417517632333
5,7.3632795869630385,2.0,528.0,6.9782137426306985,1324.0,21384,7.177782416195197,1,5,223500,12.317171167298682
4,6.9930151229329605,2.0,520.0,6.9930151229329605,1088.0,8308,4.890349128221754,1,44,110000,11.608244735642321
6,7.402451520818244,1.0,240.0,6.794586580876499,747.0,9350,5.8377304471659395,1,59,154400,11.947308393235778
7,7.396948602621014,2.0,451.0,7.396948602621014,1630.0,9750,0.0,2,8,213000,12.269052139516223
7,7.257707677160043,2.0,558.0,7.257707677160043,1418.0,8696,7.1770187659099,2,10,226001,12.328299127772787
6,7.1592919047975645,2.0,528.0,7.1592919047975645,660.0,8197,0.0,1,30,143500,11.874097282798648
6,7.282073658093465,2.0,530.0,7.282073658093465,1453.0,10573,7.180069874302796,2,48,187500,12.141539457711714
5,7.7475968386928855,1.0,342.0,7.153833801578843,1168.0,15600,6.634633357861686,2,43,257000,12.456835254920371
6,7.243512974665482,2.0,440.0,6.529418838262226,684.0,7200,5.666426688112432,1,7,160500,11.986055452062393
5,6.776506992372183,2.0,484.0,6.776506992372183,876.0,7480,6.175867270105761,1,38,127000,11.751950239425476
6,7.187657164114956,2.0,440.0,6.752270376141742,855.0,2308,5.552959584921617,2,35,147000,11.898194668458823
5,7.267525427828172,2.0,360.0,6.645090969505644,264.0,9600,0.0,2,5,132000,11.790564777297387
7,6.823286122355687,1.0,360.0,6.823286122355687,852.0,8750,5.41610040220442,1,32,148000,11.904974309480183
9,7.519149957669823,3.0,894.0,7.519149957669823,1842.0,50271,7.501634457883413,0,19,385000,12.861001210669146
7,7.316548177182976,2.0,437.0,7.316548177182976,1346.0,3182,2.833213344056216,2,2,191000,12.160033942617156
5,7.072421900537371,2.0,502.0,7.072421900537371,1090.0,11000,6.994849985833071,1,4,135000,11.813037464800539
7,7.240649694255466,2.0,400.0,6.626717749249025,384.0,11950,0.0,2,4,165500,12.016732516077072
8,7.440146680662688,3.0,844.0,7.440146680662688,1702.0,10130,7.166265974133638,2,2,275500,12.526346537332584
6,7.105786129481271,1.0,264.0,6.511745329644728,672.0,1890,5.877735781779639,1,34,113000,11.635151947212842
4,7.074963197966044,2.0,588.0,7.074963197966044,1138.0,10012,6.825460036255307,2,36,137500,11.83138646878959
6,7.094234845924755,2.0,412.0,7.094234845924755,1204.0,4500,6.7650389767805414,2,11,162000,11.995357787034976
6,6.9782137426306985,2.0,525.0,6.9782137426306985,547.0,3675,6.148468295917647,1,2,140000,11.849404844423074
6,7.270312886079025,2.0,828.0,6.785587645007929,884.0,10800,6.3818160174060985,2,58,155000,11.951186847493476
6,6.838405200847344,1.0,306.0,6.838405200847344,932.0,8280,0.0,1,57,124000,11.728044909070785
5,7.762596048540069,2.0,393.0,7.228388451573604,973.0,9600,5.459585514144159,2,48,130000,11.775297421715827
7,6.729824070489475,1.0,345.0,6.729824070489475,836.0,2104,6.285998094508865,1,33,128500,11.763691965388299
6,7.456454555176209,2.0,528.0,6.726233402358747,816.0,7703,3.970291913552122,2,17,171500,12.052344376474922
5,6.963189985870238,1.0,308.0,6.963189985870238,1056.0,8176,6.741700694652055,1,15,139000,11.842236406331555
6,7.537962659768208,2.0,488.0,6.98933526597456,1084.0,8000,6.837332814685591,2,33,178900,12.094587859196112
8,7.43543801981455,3.0,856.0,7.43543801981455,1694.0,11825,0.0,2,0,322400,12.683551391346773
5,7.663407664893479,0.0,0.0,6.9930151229329605,1040.0,3000,0.0,2,59,62500,11.042937835596494
6,7.4821189235521155,2.0,480.0,7.0317412587631285,533.0,10600,0.0,2,46,136300,11.822620954414864
7,7.630946580890459,2.0,390.0,6.930494765951626,992.0,8755,6.650279048587422,2,10,214000,12.273735966890268
6,7.423568444259167,2.0,396.0,7.059617628291383,1163.0,21780,0.0,2,58,185000,12.128116509451258
5,6.645090969505644,1.0,396.0,6.645090969505644,768.0,7200,6.493753839851686,1,6,133900,11.804855999911272
9,7.932721027481948,2.0,636.0,7.510977752014095,1848.0,11025,6.255750041753367,2,14,372500,12.827995001361906
5,6.811244378601294,1.0,343.0,6.811244378601294,907.0,16269,6.439350371100098,1,31,140000,11.849404844423074
5,7.143617602704121,2.0,502.0,7.143617602704121,1219.0,9350,6.452048954437226,2,9,179900,12.100161978566867
7,7.20414929203594,4.0,784.0,7.20414929203594,1344.0,7060,7.177782416195197,2,10,206300,12.237091546357338
3,6.928537818164665,0.0,0.0,6.928537818164665,1020.0,4761,0.0,1,56,64500,11.07443600653965
7,7.585788821732034,2.0,534.0,7.057897937411856,808.0,11952,0.0,2,30,190000,12.154784614286667
9,8.160803920954665,3.0,959.0,7.56734567601324,1733.0,17242,5.680172609017068,3,12,584500,13.278513770756783
8,7.313886831633462,2.0,674.0,7.313886831633462,1489.0,8760,3.6109179126442243,2,1,212999,12.269047444691562
7,7.0909098220799835,2.0,480.0,6.398594934535208,600.0,3215,5.638354669333745,2,6,155000,11.951186847493476
8,7.68937110752969,2.0,570.0,6.974478911025045,1068.0,12334,0.0,2,6,254750,12.448041876494342
7,7.105786129481271,2.0,462.0,7.105786129481271,1218.0,7500,6.805722553416985,2,0,230348,12.347350829134758
5,7.368339686311381,2.0,506.0,7.368339686311381,1584.0,8917,0.0,2,39,119000,11.686887175419702
7,7.068172000388042,2.0,528.0,7.068172000388042,1053.0,10625,6.786716950605081,2,36,170000,12.04355959836804
5,7.271008538280992,2.0,528.0,7.271008538280992,1437.0,10768,7.05444965813294,2,3,218000,12.292254928916668
7,7.71289096149013,2.0,642.0,6.901737206656574,964.0,13006,0.0,2,9,222000,12.310437165348775
6,7.560601162768557,2.0,480.0,6.8679744089702925,960.0,7804,5.641907070938114,2,58,161900,11.994740316298905
5,7.1276936993473985,1.0,315.0,6.966967138613983,1008.0,8239,5.176149732573829,1,48,100000,11.51293546492023
6,6.744059186311348,2.0,420.0,6.744059186311348,848.0,4435,6.492239835020471,1,4,131500,11.78676973513378
5,6.816735880594968,1.0,252.0,6.816735880594968,912.0,7150,4.948759890378168,1,47,123000,11.719947764402807
6,7.0707241072602764,2.0,528.0,6.705639094860003,816.0,6240,0.0,1,56,114500,11.648338835562747
6,7.244941546337007,2.0,465.0,6.54965074223381,676.0,10274,5.805134968916488,2,23,162000,11.995357787034976
8,7.119635638017636,2.0,484.0,7.119635638017636,1235.0,3760,6.917705609835305,1,26,214000,12.273735966890268
7,7.299797366758161,2.0,577.0,7.299797366758161,1468.0,9382,0.0,2,8,191000,12.160033942617156
8,7.338888133838879,2.0,484.0,7.338888133838879,1538.0,8847,6.646390514847729,2,2,260000,12.468440756144114
6,7.653969180478774,2.0,540.0,7.1204443723924875,1127.0,13728,6.440946540632921,2,22,235000,12.367345048436391
6,7.029087564149662,2.0,480.0,7.029087564149662,1302.0,18160,6.311734809152915,1,43,154204,11.946038165007204
6,6.744059186311348,2.0,420.0,6.744059186311348,848.0,4435,6.530877627725885,1,5,144000,11.87757552297847
8,7.697575346802343,2.0,517.0,7.00850518208228,1105.0,11762,5.817111159963204,2,14,263000,12.479913113434042
7,7.562161631225652,2.0,564.0,6.967909201801884,750.0,10186,6.51471269087253,2,18,190000,12.154784614286667
5,6.779921907472252,2.0,440.0,6.779921907472252,864.0,9675,5.802118375377063,1,32,120000,11.695255355062795
7,7.330405211844402,2.0,541.0,7.330405211844402,1525.0,9100,7.244941546337007,2,6,235000,12.367345048436391
7,7.67693714581808,2.0,487.0,7.104144092987527,924.0,14200,6.100318952020064,2,40,226000,12.328294703023394
4,6.893656354602635,2.0,676.0,6.893656354602635,576.0,7898,0.0,1,16,105000,11.561725152903833
4,7.5822291942764615,2.0,572.0,6.790097235513905,888.0,8094,0.0,1,60,149500,11.915058360753719
6,7.356279876550748,1.0,299.0,7.356279876550748,1187.0,8800,6.804614520062624,2,6,185900,12.132969552931216
5,6.8966943316227125,1.0,360.0,6.8966943316227125,988.0,7150,6.587550014824796,1,41,129250,11.769511529284653
6,7.266128779556451,2.0,484.0,7.266128779556451,1430.0,19508,6.68586094706836,2,34,192000,12.165255859329688
5,7.0192966537150445,1.0,264.0,7.0192966537150445,1117.0,7590,0.0,1,45,136870,11.826794155381588
3,6.508769136971682,0.0,0.0,6.093569770045136,370.0,3500,4.976733742420574,1,57,64000,11.06665398721974
7,7.624130585661289,3.0,871.0,6.914730892718563,998.0,10625,6.7650389767805414,2,4,284000,12.556733038263905
7,7.355641102974253,3.0,814.0,7.355641102974253,1564.0,11058,4.04305126783455,2,1,218836,12.296082439438212
6,7.201170883281678,1.0,440.0,6.705639094860003,780.0,6430,6.660575149839686,1,56,128000,11.759793355371237
5,7.2196420401307355,2.0,440.0,6.641182169740591,765.0,1920,6.156978985585555,1,36,122500,11.715874472198905
6,7.491645473605133,2.0,451.0,6.870053411798126,936.0,10261,0.0,2,8,186500,12.136191879981927
6,7.285506548522785,2.0,440.0,6.593044534142437,729.0,3230,6.040254711277414,2,8,176000,12.07824495582233
7,7.477604243197589,2.0,504.0,6.970730078143525,1064.0,5306,6.206575926724928,2,19,239000,12.384223015005313
7,7.3632795869630385,3.0,668.0,7.3632795869630385,1393.0,3940,6.992096427415888,2,4,219990,12.30134191540679
4,6.447305862541213,1.0,286.0,6.447305862541213,630.0,1526,6.246106765481563,1,7,86000,11.362114203075018
7,7.275864600546533,2.0,577.0,7.275864600546533,1431.0,10739,7.138866999945524,2,8,203000,12.220966184120165
9,7.40184157874383,2.0,495.0,7.40184157874383,1614.0,4765,6.93537044601511,2,8,300000,12.611541086966115
4,7.4815557019095165,3.0,779.0,6.999422467507961,1095.0,9600,0.0,2,56,87000,11.373674891823535
5,6.9363427358340495,2.0,360.0,6.9363427358340495,1008.0,8960,0.0,1,60,115000,11.652696102959753
5,7.3395376954076745,2.0,576.0,6.97354301952014,927.0,6120,0.0,1,59,141500,11.860062063178267
10,7.934155233536322,4.0,1150.0,7.398174092970465,1620.0,12539,6.9874902470009905,2,2,460000,13.038983942375959
5,6.933423025730715,2.0,370.0,6.933423025730715,1015.0,8660,6.220590170099739,2,31,153500,11.941462360646149
8,7.650168700845001,3.0,786.0,6.8658910748834385,918.0,9709,6.658011045870748,2,0,319500,12.674515682685282
6,7.52131798019924,1.0,315.0,7.063903961472068,1040.0,10496,5.2832037287379885,2,57,143000,11.870606902224587
7,7.5443321080536885,1.0,308.0,6.872128101338986,925.0,10120,0.0,1,57,122000,11.711784520403112
6,7.170119543449628,2.0,494.0,7.170119543449628,967.0,11375,6.602587892189336,1,12,150000,11.918397239722838
6,7.10085190894405,2.0,492.0,7.10085190894405,506.0,8471,6.2285110035911835,1,11,151000,11.92504173829169
6,7.305860032684009,2.0,552.0,7.305860032684009,1488.0,21579,6.70196036600254,2,39,215000,12.278397958261774
5,7.0707241072602764,1.0,360.0,7.0707241072602764,1176.0,16133,6.742880635791903,1,37,119900,11.694421681264394
4,6.775366090936392,2.0,728.0,6.775366090936392,385.0,7200,5.955837369464831,1,1,117000,11.669937760751914
5,7.277938572945661,0.0,0.0,6.687108607866515,801.0,10134,0.0,1,59,103000,11.542493975902508
4,7.333023014386481,1.0,240.0,6.9930151229329605,0.0,8405,0.0,2,59,98000,11.49273296168228
5,7.549082710812286,2.0,484.0,7.549082710812286,1898.0,26073,7.018401799069201,2,52,236500,12.373707715234994
5,7.551186867296149,2.0,576.0,7.112327444710911,1100.0,6120,5.318119993844216,2,58,123500,11.724004532183379
5,7.048386408721883,1.0,288.0,7.048386408721883,1150.0,7000,6.661854740545311,1,45,146000,11.891368749982085
7,7.45298232946546,2.0,527.0,6.78105762593618,880.0,8924,0.0,2,9,188000,12.144202560946876
5,7.491645473605133,0.0,0.0,6.799055862058796,896.0,9000,0.0,2,35,136000,11.820417517632333
7,7.267525427828172,2.0,432.0,6.57507584059962,716.0,7795,6.054439346269371,2,4,188500,12.146858590895919
3,6.947937068614969,2.0,400.0,6.947937068614969,0.0,8544,0.0,2,56,87500,11.37940550085183
4,7.00397413672268,1.0,312.0,7.00397413672268,1100.0,12493,6.040254711277414,1,48,141000,11.856522261533737
6,6.762729506931879,1.0,288.0,6.762729506931879,864.0,7332,6.028278520230698,1,47,120000,11.695255355062795
5,7.0825485693553,2.0,540.0,7.0825485693553,1106.0,7728,6.6895992691789665,1,44,132500,11.794345471549745
7,7.123672785204607,2.0,528.0,7.123672785204607,1265.0,10331,5.375278407684165,2,22,174000,12.066816325306588
8,7.2868764117507,2.0,480.0,7.2868764117507,1460.0,10037,6.502790045915623,2,1,247000,12.417147664184915
4,7.149916836132109,1.0,275.0,6.962243464266207,616.0,11388,0.0,1,13,121000,11.703554089007538
3,6.573680166960646,2.0,660.0,6.573680166960646,715.0,10914,0.0,1,56,68000,11.127277689932466
7,7.747164966520335,2.0,502.0,7.060476365999801,1150.0,11060,0.0,2,1,229000,12.34148164933907
7,7.999342952713282,2.0,564.0,7.549082710812286,710.0,11275,0.0,2,3,242000,12.396697137361691
4,7.111512116496157,0.0,0.0,7.111512116496157,950.0,9320,6.345636360828596,1,51,128950,11.767187766223199
5,6.8966943316227125,2.0,624.0,6.8966943316227125,988.0,9100,3.6109179126442243,1,44,129500,11.771443882099637
5,7.370860166536716,2.0,561.0,6.587550014824796,725.0,10411,0.0,3,0,212109,12.264860287013262
4,6.645090969505644,1.0,355.0,6.645090969505644,768.0,8172,6.300785794663244,1,52,125000,11.736077016252437
3,7.175489713624222,0.0,0.0,7.175489713624222,728.0,5350,0.0,1,44,76500,11.245059091624615
7,7.377133712833954,2.0,433.0,6.744059186311348,848.0,9171,0.0,2,1,201490,12.213499994358957
4,7.273092595999522,0.0,0.0,7.273092595999522,1440.0,7711,7.273092595999522,2,30,150000,11.918397239722838
5,7.05617528410041,1.0,336.0,7.05617528410041,1051.0,11553,6.513230110912307,1,38,158000,11.970356641102999
5,7.189922170745808,2.0,576.0,7.189922170745808,409.0,17541,5.707110264748875,2,2,216000,12.283038316285214
6,7.1693500166706,1.0,240.0,6.633318433280377,651.0,6821,4.736198448394496,2,2,146500,11.89478753335453
5,6.813444599510896,1.0,294.0,6.813444599510896,882.0,8450,5.093750200806762,1,38,116000,11.661354090741
6,7.524021415206125,2.0,440.0,6.928537818164665,822.0,9760,6.285998094508865,2,14,187000,12.138869243416009
5,7.478169694159785,1.0,240.0,6.889591308354466,731.0,7200,6.345636360828596,1,57,175000,12.07254696717504
9,7.511524648390866,3.0,774.0,7.511524648390866,1822.0,11694,3.8918202981106265,2,0,314813,12.659737267217572
6,7.050122520269059,2.0,412.0,7.050122520269059,912.0,11700,0.0,1,39,143450,11.873748792455272
6,7.227662498728654,1.0,198.0,6.660575149839686,780.0,8600,0.0,2,56,119500,11.691080018519527
6,7.1204443723924875,2.0,480.0,6.398594934535208,600.0,2544,5.932245187448011,2,5,152000,11.931642378754141
7,7.237059026124737,1.0,240.0,6.56244409369372,651.0,3378,0.0,1,17,135000,11.813037464800539
8,7.493317248862145,3.0,895.0,7.493317248862145,1795.0,9986,0.0,2,0,147000,11.898194668458823
7,7.3632795869630385,2.0,614.0,6.658011045870748,770.0,8125,0.0,2,0,197000,12.190964083849375
6,7.3098814858247865,2.0,461.0,7.3098814858247865,1208.0,15410,4.844187086458591,2,8,169000,12.037659911047468
5,6.785587645007929,2.0,504.0,6.785587645007929,840.0,9180,6.617402977974478,1,24,144000,11.87757552297847
7,7.232010331664759,2.0,490.0,6.513230110912307,673.0,2651,6.464588303689961,2,6,165000,12.013706813470414
5,7.3632795869630385,1.0,225.0,6.949856455000773,1042.0,6240,0.0,1,56,149000,11.91170829631447
7,7.264730177929867,2.0,576.0,6.744059186311348,712.0,6451,5.342334251964811,1,36,139900,11.848690308590857
7,7.31986492980897,2.0,393.0,6.694562058521095,783.0,7875,0.0,2,3,180000,12.100717685412471
5,7.076653815443951,1.0,288.0,7.076653815443951,528.0,8000,6.073044534100405,1,50,138000,11.835016210489899
6,7.360103972989152,2.0,380.0,6.684611727667927,799.0,7837,0.0,2,15,178000,12.08954444723597
7,7.329749689041512,2.0,478.0,7.329749689041512,1524.0,20270,6.396929655216146,2,29,245000,12.409017571151187
6,7.402451520818244,1.0,240.0,7.062191632286556,1064.0,10480,0.0,1,58,115000,11.652696102959753
8,7.312553498102598,3.0,844.0,7.312553498102598,1498.0,11645,3.2188758248682006,2,3,237000,12.37581963951765
6,7.666221925662725,2.0,441.0,7.27655640271871,844.0,11888,0.0,2,15,214500,12.276069679344003
6,6.744059186311348,2.0,420.0,6.744059186311348,848.0,4435,6.511745329644728,1,7,143750,11.87583791515714
6,7.496097345175956,2.0,463.0,6.915723448631314,982.0,8123,0.0,2,9,179000,12.095146671399466
7,7.319202458767849,2.0,572.0,7.319202458767849,1508.0,17485,7.205635176410364,1,0,308030,12.637955706241554
7,7.803435056952168,2.0,441.0,7.550135342488429,1438.0,18275,6.456769655572163,3,8,277500,12.533579815765737
7,7.529406457837013,2.0,492.0,6.825460036255307,916.0,13450,6.55250788703459,2,4,200000,12.206077645517674
8,7.400620577371135,3.0,865.0,7.400620577371135,1623.0,13501,4.1588830833596715,2,1,255000,12.449022745701502
6,7.172424577124845,1.0,309.0,7.172424577124845,1302.0,9350,5.602118820879701,2,16,158000,11.970356641102999
5,7.1569563646156364,1.0,240.0,6.658011045870748,672.0,4484,6.186208623900494,1,28,108500,11.59451466851004
4,6.906754778648554,2.0,460.0,6.906754778648554,0.0,9000,0.0,1,57,89500,11.402005077384885
3,6.876264611890766,0.0,0.0,6.398594934535208,600.0,5925,0.0,1,59,37900,10.542732775946709
7,7.750614732770409,3.0,617.0,6.9874902470009905,1035.0,12104,0.0,3,0,287602,12.569336335929005
5,7.039660349862076,0.0,0.0,7.039660349862076,1140.0,17217,0.0,1,0,84500,11.344518647594766
7,7.6487397889562425,2.0,583.0,7.011213987350367,1108.0,9750,6.883462586413092,2,8,274300,12.521981322562505
6,6.816735880594968,1.0,288.0,6.816735880594968,912.0,6768,6.725033642166843,1,12,142000,11.863589378812122
6,7.138073034044347,1.0,280.0,6.54965074223381,560.0,9060,5.3230099791384085,1,59,105000,11.561725152903833
5,6.983789965258135,1.0,264.0,6.983789965258135,1054.0,10230,0.0,1,59,125000,11.736077016252437
5,6.957497370876951,1.0,336.0,6.957497370876951,1043.0,8510,6.2166061010848646,1,38,143000,11.870606902224587
5,7.221835825288449,1.0,195.0,7.221835825288449,1078.0,11767,6.983789965258135,1,59,120000,11.695255355062795
7,7.254884810077338,2.0,403.0,6.56244409369372,707.0,7750,0.0,2,6,176000,12.07824495582233
6,7.3031700512368,2.0,390.0,6.610696044717759,742.0,12589,0.0,2,4,174000,12.066816325306588
6,7.310550158534422,2.0,438.0,7.310550158534422,1495.0,12890,0.0,2,19,150000,11.918397239722838
5,7.214504414151143,1.0,336.0,6.5337888379333435,687.0,3600,5.75890177387728,1,2,124500,11.732069026983156
4,7.4949862339505335,2.0,342.0,7.053585727193677,1075.0,9639,0.0,2,57,137000,11.827743504053695
7,7.316548177182976,2.0,478.0,7.316548177182976,1504.0,11883,6.53813982376767,2,13,203000,12.220966184120165
5,7.172424577124845,2.0,440.0,6.447305862541213,630.0,2016,0.0,2,37,106000,11.571203807011969
6,6.828712071641684,1.0,264.0,6.828712071641684,923.0,8012,6.298949246855942,2,30,143000,11.870606902224587
7,7.261927092702751,1.0,312.0,7.261927092702751,1228.0,7290,0.0,2,58,168000,12.031725210748633
8,7.321849713788356,3.0,845.0,7.321849713788356,1512.0,10141,6.248042874508429,2,5,203000,12.220966184120165
7,7.539027055823995,2.0,473.0,6.984716320118266,1079.0,10560,6.163314804034641,2,15,239900,12.3879816172226
7,7.665753431861699,1.0,312.0,7.111512116496157,1528.0,10452,6.056784013228625,1,25,257500,12.458778882573533
3,6.982862751468942,1.0,210.0,6.982862751468942,1007.0,9786,0.0,1,56,91000,11.418625774449598
6,7.105786129481271,0.0,0.0,6.511745329644728,672.0,1680,0.0,1,35,91500,11.424105180165641
6,7.45298232946546,2.0,480.0,7.45298232946546,1680.0,17871,6.270988431858299,1,33,197900,12.19552218463499
5,7.351799869057777,2.0,400.0,6.767343125265392,690.0,6406,6.045005314036012,1,59,150000,11.918397239722838
7,7.76004068088038,3.0,889.0,7.15305163493748,1264.0,10208,0.0,2,12,265000,12.487488878546145
6,7.110696122978827,2.0,402.0,7.110696122978827,1224.0,4500,6.784457062637643,2,10,165000,12.013706813470414
7,7.388327859577107,3.0,834.0,7.388327859577107,1616.0,8688,0.0,2,1,232000,12.354496960983985
4,6.617402977974478,2.0,528.0,6.617402977974478,600.0,5825,0.0,1,53,79900,11.288543647320601
6,7.110696122978827,1.0,280.0,6.705639094860003,816.0,8064,6.1779441140506,1,6,132000,11.790564777297387
5,7.013915474810528,1.0,288.0,6.366470447731438,530.0,7200,0.0,1,11,101000,11.522885696764481
6,7.284134806195205,2.0,440.0,6.752270376141742,855.0,2280,5.7430031878094825,2,32,146000,11.891368749982085
4,7.736743682453495,2.0,560.0,7.1284959456800365,777.0,11340,0.0,2,60,122500,11.715874472198905
6,7.669961995473577,1.0,509.0,7.075808863978387,896.0,13000,6.1070228877422545,2,41,193500,12.173037959397275
7,6.962243464266207,1.0,319.0,6.962243464266207,1061.0,2304,6.450470422144176,2,29,142500,11.86710429621008
5,7.069023426578259,2.0,576.0,6.523562306149512,680.0,9000,4.875197323201151,1,1,135000,11.813037464800539
9,7.390798521735676,3.0,912.0,7.390798521735676,1620.0,12898,6.930494765951626,2,1,315500,12.66191713053049
5,7.583247524303362,0.0,0.0,6.932447891572509,940.0,8525,0.0,1,58,130000,11.775297421715827
8,7.557994958530806,2.0,506.0,6.833031732786201,908.0,10041,6.672032945461067,2,14,220000,12.301387370778713
5,7.085064293952548,2.0,501.0,7.085064293952548,1153.0,13110,6.870053411798126,2,34,146500,11.89478753335453
6,7.426549072397305,2.0,575.0,7.426549072397305,1408.0,8125,7.037905963447182,2,10,193500,12.173037959397275
10,7.75491027202143,3.0,846.0,7.463363045520021,1682.0,12474,7.155396301896734,2,0,426000,12.962196972666593
9,7.57095858316901,3.0,606.0,7.57095858316901,1930.0,10159,7.4067107301776405,2,0,395192,12.887129532148373
5,7.150701457592526,2.0,576.0,6.437751649736401,624.0,10475,6.129050210060545,1,19,136000,11.820417517632333
4,6.665683717782408,0.0,0.0,6.665683717782408,784.0,6931,6.665683717782408,1,53,91900,11.428467189677395
6,7.3098814858247865,1.0,213.0,6.625392368007956,771.0,7500,6.306275286948016,1,59,177500,12.086731521684555
8,7.639642287858013,3.0,836.0,6.957497370876951,1034.0,10800,6.672032945461067,2,0,339750,12.73596827534975
5,7.202661196523238,1.0,256.0,7.202661196523238,1342.0,9280,6.324358962381311,1,56,125000,11.736077016252437
5,7.020190708311925,1.0,264.0,7.020190708311925,1118.0,11332,6.270988431858299,1,8,153000,11.938199736300925
7,7.30854279753919,2.0,608.0,7.30854279753919,1492.0,11166,3.2188758248682006,2,8,201000,12.211065162153215
6,7.451241684987676,2.0,471.0,6.842683282238422,928.0,8462,6.703188113240863,2,13,201000,12.211065162153215
5,7.074116816197362,2.0,477.0,7.074116816197362,1180.0,7830,0.0,1,39,128000,11.759793355371237
6,6.974478911025045,1.0,288.0,6.974478911025045,1124.0,6120,6.8679744089702925,1,60,109500,11.603688960617083
8,7.113956109566034,2.0,472.0,7.113956109566034,1228.0,4671,6.643789733147672,2,19,189000,12.149507585033072
9,7.496097345175956,2.0,702.0,7.496097345175956,1800.0,11923,0.0,2,2,239000,12.384223015005313
7,7.216709486709457,2.0,610.0,7.216709486709457,1351.0,9627,3.2188758248682006,2,1,193000,12.170450649220749
5,7.488293515159428,2.0,529.0,7.3901814282264295,1499.0,164660,7.1308988302963465,2,43,228950,12.34126328584159
7,7.335633981927201,2.0,576.0,7.335633981927201,1533.0,70761,6.486160788944089,2,31,280000,12.54254845357358
6,7.605890001053122,3.0,795.0,7.198931240688173,672.0,19950,0.0,2,56,235000,12.367345048436391
8,8.069342366811636,2.0,380.0,7.57095858316901,965.0,12168,6.061456918928017,2,9,359100,12.791358964949923
6,7.405495663199472,2.0,460.0,6.8690144506657065,941.0,9649,0.0,2,7,185000,12.128116509451258
8,7.43543801981455,2.0,642.0,7.43543801981455,1694.0,14694,7.133295954896068,2,1,318750,12.672165512704753
5,6.841615476477592,1.0,288.0,6.841615476477592,935.0,13526,6.329720905522696,1,41,137000,11.827743504053695
7,7.31455283232408,2.0,512.0,7.31455283232408,1501.0,4054,6.856461984594587,2,20,244000,12.404927602627597
7,7.200424892944957,2.0,484.0,7.200424892944957,1309.0,8049,6.960347729101308,2,16,180000,12.100717685412471
5,7.451241684987676,2.0,440.0,7.451241684987676,1461.0,10335,6.3473892096560105,2,13,180000,12.100717685412471
6,6.725033642166843,2.0,528.0,6.725033642166843,832.0,7227,0.0,1,54,105500,11.566475710526321
6,7.383989457978509,2.0,525.0,6.626717749249025,754.0,8453,5.8944028342648505,2,13,182000,12.111767460549332
6,7.470793774195062,2.0,530.0,6.734591659972948,840.0,9468,6.461468176353717,2,7,214000,12.273735966890268
5,7.1204443723924875,1.0,288.0,7.1204443723924875,912.0,6993,6.144185634125646,1,12,135000,11.813037464800539
6,7.00033446027523,0.0,0.0,6.35088571671474,572.0,9600,0.0,1,58,79000,11.277215789596893
6,7.380879035564116,2.0,470.0,6.831953565565855,926.0,8702,6.561030665896573,2,10,187500,12.141539457711714
5,7.605392364814935,1.0,230.0,7.014814351275545,896.0,7800,6.403574197934815,3,4,225000,12.323860125621126
4,6.776506992372183,1.0,320.0,6.776506992372183,876.0,6410,5.808142489980444,1,50,85000,11.350418300109132
8,7.9919305198524775,3.0,916.0,7.449498005382849,1706.0,13069,0.0,2,3,342000,12.742568940017076
4,7.027314514039777,2.0,520.0,7.027314514039777,0.0,8777,0.0,2,6,108000,11.58989576532275
4,7.024649030453636,1.0,264.0,6.650279048587422,732.0,6060,0.0,1,57,100000,11.51293546492023
5,7.051855622955894,1.0,336.0,7.051855622955894,864.0,11556,6.013715156042802,1,1,142000,11.863589378812122
6,7.655864017616056,2.0,576.0,6.996681488176539,952.0,11075,6.2166061010848646,2,39,206900,12.239995696974733
7,7.450660796211539,2.0,565.0,6.7580945044277305,860.0,11645,0.0,2,2,196500,12.188422799337028
5,6.873163834212518,1.0,300.0,6.873163834212518,828.0,7800,6.464588303689961,1,41,119900,11.694421681264394
5,6.8308742346461795,1.0,429.0,6.8308742346461795,925.0,9100,5.82600010738045,1,44,117500,11.674202123168433
8,7.443078374348516,2.0,511.0,7.443078374348516,1686.0,16669,0.0,2,25,228000,12.337105293891872
5,6.893656354602635,1.0,328.0,6.893656354602635,985.0,8385,6.39024066706535,2,31,149900,11.917730355182513
5,6.726233402358747,2.0,495.0,6.726233402358747,833.0,12887,5.337538079701318,1,26,149900,11.917730355182513
5,7.884199933676039,2.0,638.0,7.357556200910353,671.0,16779,5.5909869805108565,3,11,158000,11.970356641102999
5,7.0909098220799835,0.0,0.0,7.0909098220799835,1200.0,10800,7.0909098220799835,3,21,179000,12.095146671399466
7,7.455298485683291,2.0,572.0,6.762729506931879,864.0,9313,0.0,2,5,190000,12.154784614286667
5,7.5678626054638825,2.0,567.0,6.853299093186078,1122.0,11900,5.993961427306569,2,32,185000,12.128116509451258
5,7.201170883281678,1.0,252.0,7.201170883281678,0.0,9060,0.0,1,1,120000,11.695255355062795
7,7.444833273892193,2.0,480.0,6.805722553416985,576.0,10300,0.0,2,60,140000,11.849404844423074
7,7.619233416226805,2.0,513.0,7.619233416226805,2136.0,215245,7.1204443723924875,2,44,375000,12.834683971615659
8,7.43543801981455,3.0,818.0,7.43543801981455,1694.0,12030,0.0,2,0,318000,12.669809806411457
6,7.388946097618437,2.0,533.0,7.388946097618437,1604.0,8012,5.111987788356544,2,14,193000,12.170450649220749
7,7.312553498102598,2.0,675.0,7.312553498102598,1498.0,8990,0.0,2,0,204900,12.230282214644559
6,7.4570320891223805,2.0,462.0,6.739336627357174,836.0,9370,6.63200177739563,2,13,248500,12.423202148655593
5,7.168579897264035,2.0,498.0,7.168579897264035,1297.0,8532,7.101675971619444,1,19,153000,11.938199736300925
3,6.593044534142437,0.0,0.0,6.593044534142437,0.0,12366,0.0,1,56,51689,10.853019618190086
5,7.6362696033793735,1.0,336.0,7.6362696033793735,825.0,15584,0.0,1,53,165000,12.013706813470414
6,7.136483208590247,2.0,641.0,7.136483208590247,1145.0,4217,6.870053411798126,1,1,195000,12.180759965737863
7,7.385230923066573,2.0,572.0,6.665683717782408,784.0,8400,0.0,2,1,195800,12.184854116317803
5,6.675823221634848,1.0,240.0,6.675823221634848,768.0,9022,0.0,1,3,109500,11.603688960617083
5,7.042286171939743,1.0,288.0,7.042286171939743,1008.0,7111,6.008813185442595,1,25,138000,11.835016210489899
5,7.403670290012373,2.0,490.0,6.90975328164481,1001.0,10759,5.25227342804663,2,36,140000,11.849404844423074
7,7.497207223203318,1.0,216.0,6.804614520062624,793.0,7588,5.8664680569332965,1,56,200100,12.206577518060588
7,7.317876198626496,2.0,440.0,7.317876198626496,1362.0,3013,2.833213344056216,2,1,213490,12.271349956195543
5,7.2813856635702825,2.0,572.0,7.2813856635702825,1420.0,11235,6.666956792429207,1,27,158450,11.973200676238312
4,7.051855622955894,1.0,240.0,6.680854678790215,796.0,5436,6.601230118728877,1,3,125500,11.74006900564972
6,7.085901464365611,1.0,312.0,7.085901464365611,1194.0,8760,0.0,1,51,148000,11.904974309480183
8,7.724446645633537,3.0,749.0,7.301822342137932,1482.0,12244,6.77078942390898,2,5,305000,12.628070334272698
7,7.394493107219038,2.0,474.0,6.639875833826536,764.0,2628,0.0,2,7,175500,12.075400019877522
7,7.29776828253138,2.0,552.0,6.6052979209482015,738.0,8145,0.0,2,0,179400,12.097378802727306
7,7.48605261786314,2.0,551.0,7.48605261786314,1782.0,14450,6.762729506931879,2,29,220000,12.301387370778713
6,7.089243155027514,0.0,0.0,6.9930151229329605,901.0,5586,0.0,1,10,79900,11.288543647320601
4,6.511745329644728,1.0,308.0,6.511745329644728,672.0,5400,0.0,1,3,86900,11.372524818667134
8,7.094234845924755,2.0,461.0,7.094234845924755,1191.0,3701,0.0,2,19,130000,11.775297421715827
5,7.027314514039777,2.0,506.0,7.027314514039777,1060.0,7400,4.653960350157523,1,24,152000,11.931642378754141
6,7.301822342137932,1.0,400.0,6.698268054115413,672.0,12155,5.056245805348308,2,58,140000,11.849404844423074
7,7.560601162768557,2.0,487.0,7.109062135687172,570.0,10192,0.0,3,14,170000,12.04355959836804
8,7.493317248862145,3.0,782.0,6.813444599510896,900.0,10603,6.52649485957079,2,3,270000,12.506180941677357
6,6.940222469119639,2.0,462.0,6.248042874508429,516.0,1879,5.905361848054571,1,28,116500,11.665655135642039
7,7.3098814858247865,2.0,530.0,7.3098814858247865,1494.0,12803,6.827629234502852,2,6,221000,12.30592250537653
6,7.00397413672268,0.0,0.0,7.00397413672268,1100.0,7500,0.0,1,0,146000,11.891368749982085
6,7.32052696227274,1.0,216.0,6.628041376179533,755.0,4899,5.723585101952381,1,56,149000,11.91170829631447
8,7.83399634170946,2.0,542.0,7.83399634170946,2524.0,9600,7.007600613951853,2,28,278000,12.535379989788607
7,7.4489161025442,3.0,642.0,6.8690144506657065,756.0,9550,5.37989735354046,1,36,140000,11.849404844423074
8,7.89655270164304,3.0,810.0,7.2909747781429814,1455.0,12720,7.068172000388042,2,9,327000,12.69771850797869
5,6.947937068614969,2.0,576.0,6.947937068614969,1040.0,12464,6.597145701886651,1,13,152000,11.931642378754141
5,6.982862751468942,1.0,338.0,6.982862751468942,961.0,8967,0.0,1,57,67000,11.112462823634855
7,6.985641817639208,2.0,496.0,6.274762021241939,530.0,2403,5.501258210544727,2,7,147110,11.898942682855576
5,6.672032945461067,1.0,200.0,6.672032945461067,768.0,10594,0.0,1,57,96500,11.477308649967686
6,7.697121317282625,2.0,432.0,7.362645270417825,697.0,19690,0.0,2,40,274970,12.524420916542532
8,7.307872780763706,2.0,490.0,7.307872780763706,1491.0,9116,0.0,2,5,209000,12.250094315624496
7,7.403670290012373,2.0,546.0,6.725033642166843,728.0,9600,2.833213344056216,1,16,178000,12.08954444723597
5,7.173958319756794,1.0,336.0,6.424869023905388,264.0,2665,0.0,1,29,104500,11.556951919719207
5,6.802394763324311,1.0,200.0,6.802394763324311,481.0,6756,0.0,1,58,78000,11.264476926102367
7,7.607878073278507,2.0,455.0,7.028201432058005,1117.0,9920,6.760414691083428,2,10,269790,12.505402864156405
8,7.53955882930103,3.0,880.0,6.862757913051401,955.0,12217,6.61472560020376,2,0,310013,12.644372736731912
5,7.493317248862145,1.0,352.0,6.957497370876951,1050.0,12150,0.0,2,54,131500,11.78676973513378
6,7.346010209913293,2.0,440.0,6.630683385642372,744.0,2280,6.311734809152915,2,9,172900,12.06047445534465
5,7.1808311990445555,2.0,610.0,7.1808311990445555,1313.0,9350,5.739792912179234,1,14,153000,11.938199736300925
4,6.762729506931879,2.0,576.0,6.762729506931879,864.0,10500,6.263398262591624,1,38,97000,11.48247656671073
5,7.4127640174265625,2.0,506.0,7.4127640174265625,1656.0,9246,0.0,2,35,135000,11.813037464800539
8,7.379008127628304,2.0,670.0,7.379008127628304,1581.0,11423,7.214504414151143,2,8,272000,12.513561021741964
6,7.406103381237015,2.0,441.0,6.836259277277067,715.0,9600,5.799092654460526,1,39,171000,12.049424683420915
5,7.261927092702751,3.0,828.0,7.261927092702751,1100.0,41600,6.954638864880987,1,17,155000,11.951186847493476
7,7.257002707092073,2.0,511.0,7.257002707092073,1417.0,8750,7.013915474810528,2,11,210000,12.25486757159303
6,7.40184157874383,2.0,472.0,6.8501261661455,943.0,9042,6.720220155135295,2,10,192000,12.165255859329688
5,7.2254814727822945,2.0,591.0,7.2254814727822945,1319.0,7424,7.1853870155804165,1,32,160250,11.984496615013056
6,7.175489713624222,2.0,624.0,7.175489713624222,1306.0,5381,6.803505257608338,2,4,196000,12.185875040240456
6,7.76046702921342,2.0,360.0,7.065613363597717,952.0,16560,6.222576268071369,2,56,239000,12.384223015005313
10,7.988203597022576,3.0,641.0,7.2633296174768365,1410.0,13682,0.0,3,0,438780,12.991755706536901
5,7.3310603052186325,1.0,364.0,7.3310603052186325,1216.0,8562,5.950642552587727,1,8,144500,11.881041706925902
8,7.834788107388194,3.0,844.0,7.093404625868766,1165.0,10120,6.608000625296087,2,12,290000,12.577639650232573
6,6.8966943316227125,2.0,540.0,6.8966943316227125,938.0,21453,6.844815479208263,1,37,180000,12.100717685412471
5,6.774223886357614,1.0,288.0,6.774223886357614,864.0,10172,6.091309882077698,1,3,126500,11.748005492256807
9,7.755767170102998,3.0,751.0,7.395107546562485,1590.0,12858,0.0,2,0,376162,12.837777839071741
6,7.249215057114389,0.0,0.0,6.943122422819428,319.0,7920,0.0,1,58,89500,11.402005077384885
7,7.488293515159428,2.0,608.0,6.825460036255307,920.0,11250,6.18826412308259,2,6,223500,12.317171167298682
8,7.8407064517494,3.0,729.0,7.060476365999801,1149.0,12328,6.894670039433482,3,2,349265,12.76358908852511
6,7.3537223303996315,2.0,463.0,7.3537223303996315,1561.0,13339,4.189654742026425,2,49,193000,12.170450649220749
6,7.104144092987527,2.0,402.0,7.104144092987527,1216.0,4500,6.8001700683022,2,8,164000,12.00762780434872
5,6.680854678790215,0.0,0.0,6.680854678790215,796.0,8777,0.0,1,58,85000,11.350418300109132
7,7.4067107301776405,1.0,240.0,6.823286122355687,918.0,7128,5.8998973535824915,2,57,164000,12.00762780434872
5,7.808729306744399,2.0,400.0,7.5652752818989315,1140.0,9724,6.508769136971682,2,8,197600,12.194005125011843
6,7.256297239690681,1.0,312.0,6.660575149839686,780.0,6000,5.707110264748875,1,60,139900,11.848690308590857
5,6.877296071497429,2.0,440.0,6.877296071497429,969.0,10356,6.57507584059962,1,32,122000,11.711784520403112
7,7.422971251049421,2.0,583.0,7.422971251049421,1673.0,11354,7.253470382684528,2,7,270000,12.506180941677357
6,6.942156705699469,2.0,504.0,6.942156705699469,456.0,8014,6.124683390894205,1,31,149900,11.917730355182513
7,7.411556287811163,3.0,900.0,7.411556287811163,1654.0,8125,6.894670039433482,2,4,230000,12.345838935721968
6,7.232010331664759,2.0,884.0,7.232010331664759,1362.0,19296,6.511745329644728,1,47,176000,12.07824495582233
4,6.996681488176539,0.0,0.0,5.921578419643816,0.0,5600,0.0,2,60,55000,10.915106645867503
8,7.355001921105257,3.0,758.0,7.355001921105257,1563.0,10206,3.5263605246161616,2,1,245000,12.409017571151187
7,8.158802490694002,3.0,870.0,7.424165281042028,1470.0,18386,0.0,3,6,295000,12.59473402514672
5,7.532088143541722,2.0,495.0,7.532088143541722,1866.0,9482,0.0,2,51,135000,11.813037464800539
7,7.282073658093465,2.0,445.0,7.282073658093465,1453.0,5271,6.9874902470009905,1,20,190000,12.154784614286667
6,6.673297967767654,1.0,160.0,6.673297967767654,768.0,6292,5.953243334287785,1,58,91000,11.418625774449598
6,7.31455283232408,2.0,420.0,6.548219102762372,697.0,7685,6.251903883165888,2,12,165600,12.017336559562407
6,6.8658910748834385,1.0,301.0,6.8658910748834385,958.0,12772,6.212606095751519,1,9,151500,11.928347504569842
7,7.688913336864796,3.0,786.0,7.228388451573604,1204.0,13837,6.910750787961936,2,18,229000,12.34148164933907
5,7.218176838403408,1.0,288.0,7.218176838403408,1008.0,14559,6.478509642208569,1,9,164900,12.013100572810686
5,7.1459844677143876,1.0,288.0,6.9440872082295275,832.0,12144,5.929589143389895,1,59,133000,11.798111925972618
8,6.9930151229329605,2.0,461.0,6.9930151229329605,1074.0,3696,0.0,1,21,170000,12.04355959836804
5,7.023758954738443,2.0,528.0,7.023758954738443,924.0,12000,4.976733742420574,1,3,147000,11.898194668458823
5,6.762729506931879,1.0,297.0,6.762729506931879,864.0,7200,6.082218910376446,1,34,119900,11.694421681264394
5,6.884486652042782,1.0,215.0,6.884486652042782,976.0,7288,5.723585101952381,1,56,102000,11.532737896139919
5,7.2196420401307355,2.0,440.0,6.641182169740591,765.0,2368,6.641182169740591,1,39,125000,11.736077016252437
7,7.632885505395133,2.0,550.0,7.632885505395133,2048.0,18559,7.095893221097532,2,30,235000,12.367345048436391
9,7.845024417241484,3.0,932.0,7.845024417241484,2552.0,13891,7.502738210754851,2,0,479069,13.079602003503023
5,7.424761761823209,2.0,672.0,7.424761761823209,1160.0,33983,7.014814351275545,1,13,196000,12.185875040240456
8,7.711996507047669,3.0,768.0,7.095064377287131,1160.0,9545,6.226536669287466,2,6,300000,12.611541086966115
7,7.484368643286131,2.0,586.0,6.858565034791365,951.0,13426,6.796823718274855,2,6,217000,12.28765724080691
5,7.436617265234227,1.0,349.0,7.436617265234227,1140.0,13673,0.0,1,45,143900,11.87688084212164
5,7.200424892944957,1.0,294.0,7.200424892944957,1029.0,7560,6.22455842927536,1,44,139000,11.842236406331555
4,6.762729506931879,2.0,576.0,6.762729506931879,864.0,7038,6.588926477533519,1,39,76500,11.245059091624615
5,7.317212408359839,1.0,240.0,6.8966943316227125,883.0,9144,5.991464547107982,1,26,145000,11.884495917930655
4,6.447305862541213,0.0,0.0,6.447305862541213,630.0,1491,5.017279836814924,1,38,75500,11.231901180182515
7,7.358830898342354,3.0,660.0,7.358830898342354,1386.0,3635,6.8966943316227125,2,2,175900,12.077676615757813
5,7.016609683894219,2.0,451.0,7.016609683894219,1114.0,9900,0.0,1,47,140000,11.849404844423074
7,7.264730177929867,2.0,480.0,7.264730177929867,1428.0,11639,0.0,2,0,182000,12.111767460549332
8,7.478169694159785,2.0,578.0,6.7650389767805414,866.0,10769,3.044522437723423,2,2,212000,12.264346270624157
7,7.517520850603031,2.0,486.0,7.086737934510577,1195.0,16770,0.0,2,12,221000,12.30592250537653
5,6.8966943316227125,1.0,276.0,6.8966943316227125,876.0,7200,6.282266746896006,1,57,119000,11.686887175419702
6,7.198931240688173,2.0,511.0,7.198931240688173,1405.0,4060,5.58724865840025,2,9,181000,12.10625783509458
5,6.816735880594968,1.0,352.0,6.816735880594968,912.0,12968,6.6039438246004725,1,46,144000,11.87757552297847
5,6.762729506931879,1.0,276.0,6.762729506931879,864.0,6360,6.194405391104672,1,45,119916,11.694555115785771
5,6.796823718274855,2.0,450.0,6.796823718274855,894.0,8724,6.20050917404269,1,39,129000,11.767575435251748
6,6.889591308354466,2.0,576.0,6.889591308354466,981.0,10530,5.645446897643238,1,36,143250,11.872353615355413
5,7.297091005160418,1.0,336.0,6.8308742346461795,550.0,2665,5.765191102784844,2,32,129500,11.771443882099637
7,7.0909098220799835,2.0,440.0,7.0909098220799835,1174.0,8800,6.484635235635252,2,41,163500,12.004574385508691
7,7.1785454837637,2.0,400.0,7.1785454837637,1310.0,8767,3.2188758248682006,2,1,164990,12.013646205940514
7,8.078067881815437,3.0,594.0,7.438383530044307,1673.0,12376,7.293697720601438,3,20,320000,12.676079399771027
5,7.1316985104669115,2.0,552.0,6.495265555937008,661.0,5362,0.0,2,4,139000,11.842236406331555
7,7.44716835960004,2.0,496.0,6.8885724595653635,980.0,10421,5.978885764901122,2,22,196500,12.188422799337028
6,7.222566018822171,1.0,300.0,6.548219102762372,672.0,6629,6.313548046277095,2,59,103600,11.548302261270587
6,6.744059186311348,2.0,420.0,6.744059186311348,848.0,4435,6.530877627725885,1,6,140000,11.849404844423074
6,7.0909098220799835,2.0,480.0,6.398594934535208,600.0,3180,5.968707559985366,2,3,165000,12.013706813470414
6,7.475905969367397,2.0,470.0,6.834108738813838,928.0,15426,6.71174039505618,2,12,231500,12.352339472153524
6,7.309212365692763,2.0,508.0,7.309212365692763,1478.0,13125,6.902742737158593,2,10,208900,12.249615734512616
9,7.541683099882111,3.0,670.0,7.541683099882111,1884.0,15401,7.198931240688173,2,4,387000,12.866182555987908
7,7.432483807917119,3.0,954.0,7.432483807917119,1689.0,9849,0.0,2,0,248328,12.42250975887691
5,7.172424577124845,1.0,264.0,6.447305862541213,630.0,1680,5.860786223465865,2,36,111750,11.624028460981638
3,6.580639137284949,1.0,287.0,6.580639137284949,0.0,6627,0.0,1,58,72500,11.19135563385109
5,6.9584483932976555,1.0,264.0,6.9584483932976555,1051.0,9759,6.684611727667927,1,40,124400,11.731265497840116
5,7.02197642307216,0.0,0.0,7.02197642307216,1120.0,8402,5.332718793265369,1,0,147000,11.898194668458823
5,6.956545443151569,1.0,266.0,6.956545443151569,1049.0,4235,6.315358001522335,2,25,139500,11.845827048676645
6,6.744059186311348,2.0,420.0,6.744059186311348,848.0,4426,6.548219102762372,1,4,141000,11.856522261533737
9,7.89989532313973,3.0,958.0,7.89989532313973,2846.0,14300,7.2254814727822945,2,6,500000,13.122365377402328
6,7.103322062526113,1.0,297.0,7.103322062526113,1215.0,12400,6.373319789577012,1,11,155000,11.951186847493476
9,7.403670290012373,3.0,885.0,7.403670290012373,1641.0,14463,7.017506142941256,2,1,316500,12.66508168011904
8,7.3098814858247865,2.0,478.0,7.3098814858247865,1494.0,9466,6.126869184114185,1,12,279700,12.541476454442867
6,7.165493475060845,2.0,452.0,7.165493475060845,1178.0,11027,6.150602768446279,2,52,149900,11.917730355182513
9,7.56164174558878,3.0,676.0,7.56164174558878,1922.0,14157,7.1308988302963465,2,1,377426,12.841132451487937
5,6.816735880594968,1.0,300.0,6.816735880594968,912.0,7791,6.437751649736401,1,14,129000,11.767575435251748
5,7.226209010100671,1.0,225.0,6.838405200847344,884.0,9260,0.0,1,58,110000,11.608244735642321
4,6.464588303689961,1.0,272.0,6.464588303689961,641.0,7030,0.0,1,56,85000,11.350418300109132
7,7.510430556378006,1.0,164.0,6.821107472256465,910.0,2500,5.703782474656201,1,4,155000,11.951186847493476
5,7.721791776817535,0.0,0.0,7.029087564149662,840.0,9045,0.0,2,60,76500,11.245059091624615
5,6.855408798609928,1.0,300.0,6.855408798609928,948.0,8978,0.0,1,39,108000,11.58989576532275
7,7.4489161025442,2.0,400.0,7.080026499922591,1156.0,13758,6.805722553416985,2,16,187500,12.141539457711714
6,7.3752557780097545,1.0,240.0,7.084226422097916,940.0,8400,5.963579343618446,1,6,140000,11.849404844423074
7,7.565793282428515,2.0,481.0,6.990256500493881,780.0,11339,6.63200177739563,2,28,192000,12.165255859329688
5,7.212294468500341,2.0,528.0,6.634633357861686,728.0,6221,6.280395838960195,2,57,140000,11.849404844423074
5,7.789454566086673,2.0,520.0,7.4770384723196965,954.0,10800,6.499787040655854,2,36,160000,11.982935344196433
8,7.358193752733032,2.0,564.0,7.358193752733032,1568.0,7180,0.0,2,4,221000,12.30592250537653
6,7.20414929203594,2.0,525.0,7.20414929203594,819.0,14375,4.718498871295094,1,51,137500,11.83138646878959
5,7.186144304522325,2.0,564.0,7.186144304522325,1164.0,11777,5.796057750765372,1,40,164500,12.010671928196443
5,6.705639094860003,1.0,100.0,6.705639094860003,816.0,3672,0.0,1,57,75200,11.227919807721856
5,6.792344427470809,1.0,308.0,6.792344427470809,890.0,8450,6.792344427470809,1,40,115000,11.652696102959753
5,7.0909098220799835,1.0,246.0,7.0909098220799835,1200.0,9600,5.968707559985366,1,59,129900,11.774527900858468
6,7.016609683894219,2.0,576.0,7.016609683894219,1114.0,13695,6.703188113240863,1,4,155000,11.951186847493476
6,7.847762537473608,2.0,506.0,7.1808311990445555,868.0,12128,6.309918278226516,2,17,209000,12.250094315624496
8,7.254884810077338,2.0,403.0,6.56244409369372,707.0,9056,0.0,2,2,178000,12.08954444723597
8,7.134890851565884,3.0,810.0,7.134890851565884,1254.0,10324,6.771935555839602,2,1,221800,12.309535862454515
7,7.652070746116482,2.0,432.0,7.112327444710911,1226.0,6300,0.0,2,1,155000,11.951186847493476
5,7.640603826393634,2.0,504.0,6.947937068614969,1040.0,11606,6.478509642208569,1,38,135000,11.813037464800539
5,7.269616749608169,1.0,308.0,6.814542897259958,910.0,8674,6.814542897259958,1,57,128250,11.761744560273572
8,7.180069874302796,2.0,471.0,7.180069874302796,1267.0,6718,5.5254529391317835,2,6,180500,12.103491596905931
5,6.9440872082295275,1.0,312.0,6.9440872082295275,1036.0,7584,6.2766434893416445,1,55,112900,11.634266607494453
8,7.608374474380783,3.0,864.0,7.608374474380783,2014.0,15676,7.458186157340487,2,29,275000,12.524530013005734
5,7.448333860897476,0.0,0.0,6.842683282238422,780.0,5687,5.351858133476067,2,8,135900,11.819681958463892
5,6.799055862058796,1.0,730.0,6.799055862058796,882.0,11622,6.150602768446279,1,49,105000,11.561725152903833
6,7.080867896690782,2.0,621.0,7.080867896690782,988.0,14175,6.655440350367647,1,52,185000,12.128116509451258
7,7.315218389752975,1.0,270.0,6.747586526829315,776.0,7200,0.0,1,8,149000,11.91170829631447
4,6.811244378601294,1.0,352.0,6.811244378601294,907.0,8593,5.666426688112432,1,51,109008,11.599185726610004
5,7.048386408721883,1.0,288.0,7.048386408721883,1078.0,9600,5.910796644040527,1,52,144000,11.87757552297847
5,6.939253946041508,1.0,230.0,6.939253946041508,1031.0,7626,6.837332814685591,1,4,145500,11.8879382384223
